1,0,12 August 2023, 14:33 EDT
0,0,12 August 2023, 14:39 EDT
4,60,12 August 2023, 14:40 EDT
2, ,12 August 2023, 14:43 EDT
8, ,12 August 2023, 14:46 EDT
9,0,12 August 2023, 14:52 EDT
5,99,12 August 2023, 14:55 EDT
4,60,12 August 2023, 14:59 EDT
0,35,12 August 2023, 15:33 EDT
3,49,12 August 2023, 15:41 EDT
8,55,12 August 2023, 15:44 EDT
6,45,12 August 2023, 15:48 EDT
2,55,12 August 2023, 15:52 EDT
3,49,12 August 2023, 15:58 EDT
3,55,12 August 2023, 16:06 EDT
3,46,12 August 2023, 16:16 EDT
3,49,12 August 2023, 16:23 EDT
4,49,12 August 2023, 16:26 EDT
10,59,13 August 2023, 12:10 EDT
2,22,13 August 2023, 12:33 EDT
5,44,13 August 2023, 13:42 EDT
